Time stamp;DataBeacon.BLE датчик юр.лица (B) ед.
2023.4.4 16:27:42;4660:2222:55.764400:37.555843:-70:-82
2023.4.4 16:27:43;4660:2222:55.764400:37.555843:-70:-81
2023.4.4 16:27:44;4660:2222:55.764400:37.555843:-70:-83
